﻿<?xml version="1.0" encoding="utf-8" standalone="yes"?>
<Table>
  <Transaction>
    <Position>C</Position>
    <Textleft>FAMOUS BELGIAN WAFFLES</Textleft>
    <TextFont>BOLD</TextFont>
  </Transaction>
  <Transaction>
    <Position>S</Position>
    <Textleft>X-READ</Textleft>
    <TextFont>BOLD</TextFont>
  </Transaction>
  <Transaction>
    <Position>C</Position>
    <Textleft>------------------------------------------------------------</Textleft>
    <TextFont>BOLD</TextFont>
  </Transaction>
  <Transaction>
    <Position>LR</Position>
    <Textleft>DESCRIPTION</Textleft>
    <TextMiddleRight> QTY/AMOUNT</TextMiddleRight>
    <TextFont>NORMAL</TextFont>
  </Transaction>
  <Transaction>
    <Position>C</Position>
    <Textleft>------------------------------------------------------------</Textleft>
    <TextFont>BOLD</TextFont>
  </Transaction>
  <Transaction>
    <Position>LR</Position>
    <Textleft>TERMINAL NO.</Textleft>
    <TextMiddleRight>5</TextMiddleRight>
    <TextFont>BOLD</TextFont>
  </Transaction>
  <Transaction>
    <Position>LR</Position>
    <Textleft>GROSS</Textleft>
    <TextMiddleRight>830.00</TextMiddleRight>
    <TextFont>NORMAL</TextFont>
  </Transaction>
  <Transaction>
    <Position>LR</Position>
    <Textleft>LESS VAT (VE)</Textleft>
    <TextMiddleRight>38.56</TextMiddleRight>
    <TextFont>NORMAL</TextFont>
  </Transaction>
  <Transaction>
    <Position>LR</Position>
    <Textleft>LESS VAT DIPLOMAT</Textleft>
    <TextMiddleRight>0.00</TextMiddleRight>
    <TextFont>NORMAL</TextFont>
  </Transaction>
  <Transaction>
    <Position>LR</Position>
    <Textleft>LESS VAT (OTHER)</Textleft>
    <TextMiddleRight>0.00</TextMiddleRight>
    <TextFont>NORMAL</TextFont>
  </Transaction>
  <Transaction>
    <Position>LR</Position>
    <Textleft>ADD VAT</Textleft>
    <TextMiddleRight>50.34</TextMiddleRight>
    <TextFont>NORMAL</TextFont>
  </Transaction>
  <Transaction>
    <Position>LR</Position>
    <Textleft>DAILY SALES</Textleft>
    <TextMiddleRight>727.16</TextMiddleRight>
    <TextFont>NORMAL</TextFont>
  </Transaction>
  <Transaction>
    <Position>C</Position>
    <Textleft />
    <TextFont>BOLD</TextFont>
  </Transaction>
  <Transaction>
    <Position>LR</Position>
    <Textleft>VAT AMOUNT</Textleft>
    <TextMiddleRight>50.34</TextMiddleRight>
    <TextFont>NORMAL</TextFont>
  </Transaction>
  <Transaction>
    <Position>LR</Position>
    <Textleft>LOCAL GOV'T TAX</Textleft>
    <TextMiddleRight>0.00</TextMiddleRight>
    <TextFont>NORMAL</TextFont>
  </Transaction>
  <Transaction>
    <Position>LR</Position>
    <Textleft>VATABLE SALES</Textleft>
    <TextMiddleRight>419.66</TextMiddleRight>
    <TextFont>NORMAL</TextFont>
  </Transaction>
  <Transaction>
    <Position>LR</Position>
    <Textleft>ZERO RATED SALES</Textleft>
    <TextMiddleRight>0.00</TextMiddleRight>
    <TextFont>NORMAL</TextFont>
  </Transaction>
  <Transaction>
    <Position>LR</Position>
    <Textleft>VAT EXEMPT SALES</Textleft>
    <TextMiddleRight>321.44</TextMiddleRight>
    <TextFont>NORMAL</TextFont>
  </Transaction>
  <Transaction>
    <Position>LR</Position>
    <Textleft>LESS DISC (VE)</Textleft>
    <TextMiddleRight>64.28</TextMiddleRight>
    <TextFont>NORMAL</TextFont>
  </Transaction>
  <Transaction>
    <Position>LR</Position>
    <Textleft>NET SALES</Textleft>
    <TextMiddleRight>727.16</TextMiddleRight>
    <TextFont>NORMAL</TextFont>
  </Transaction>
  <Transaction>
    <Position>LR</Position>
    <Textleft>CASH TOTAL</Textleft>
    <TextMiddleRight>727.16</TextMiddleRight>
    <TextFont>NORMAL</TextFont>
  </Transaction>
  <Transaction>
    <Position>LR</Position>
    <Textleft>CREDIT CARD</Textleft>
    <TextMiddleRight>N/A</TextMiddleRight>
    <TextFont>NORMAL</TextFont>
  </Transaction>
  <Transaction>
    <Position>LR</Position>
    <Textleft>DEBIT CARD</Textleft>
    <TextMiddleRight>N/A</TextMiddleRight>
    <TextFont>NORMAL</TextFont>
  </Transaction>
  <Transaction>
    <Position>LR</Position>
    <Textleft>MISC/CHEQUES</Textleft>
    <TextMiddleRight>N/A</TextMiddleRight>
    <TextFont>NORMAL</TextFont>
  </Transaction>
  <Transaction>
    <Position>LR</Position>
    <Textleft>GIFT CARD(GC)</Textleft>
    <TextMiddleRight>0.00</TextMiddleRight>
    <TextFont>NORMAL</TextFont>
  </Transaction>
  <Transaction>
    <Position>LR</Position>
    <Textleft>GIFT CARD SUM</Textleft>
    <TextMiddleRight>0.00</TextMiddleRight>
    <TextFont>NORMAL</TextFont>
  </Transaction>
  <Transaction>
    <Position>LR</Position>
    <Textleft>A/R</Textleft>
    <TextMiddleRight>N/A</TextMiddleRight>
    <TextFont>NORMAL</TextFont>
  </Transaction>
  <Transaction>
    <Position>LR</Position>
    <Textleft>TOTAL EXPENSES</Textleft>
    <TextMiddleRight>0.00</TextMiddleRight>
    <TextFont>NORMAL</TextFont>
  </Transaction>
  <Transaction>
    <Position>LR</Position>
    <Textleft>OTHERS</Textleft>
    <TextMiddleRight>N/A</TextMiddleRight>
    <TextFont>NORMAL</TextFont>
  </Transaction>
  <Transaction>
    <Position>LR</Position>
    <Textleft>BEG.BALANCE</Textleft>
    <TextMiddleRight>0.00</TextMiddleRight>
    <TextFont>NORMAL</TextFont>
  </Transaction>
  <Transaction>
    <Position>LR</Position>
    <Textleft>DEPOSIT</Textleft>
    <TextMiddleRight>1,000,000.00</TextMiddleRight>
    <TextFont>NORMAL</TextFont>
  </Transaction>
  <Transaction>
    <Position>LR</Position>
    <Textleft>CASH IN DRAWER</Textleft>
    <TextMiddleRight>-999,272.84</TextMiddleRight>
    <TextFont>NORMAL</TextFont>
  </Transaction>
  <Transaction>
    <Position>C</Position>
    <Textleft />
    <TextFont>BOLD</TextFont>
  </Transaction>
  <Transaction>
    <Position>LR</Position>
    <Textleft>CASHLESS</Textleft>
    <TextMiddleRight>0.00</TextMiddleRight>
    <TextFont>NORMAL</TextFont>
  </Transaction>
  <Transaction>
    <Position>LR</Position>
    <Textleft>GCASH</Textleft>
    <TextMiddleRight>0.00</TextMiddleRight>
    <TextFont>NORMAL</TextFont>
  </Transaction>
  <Transaction>
    <Position>LR</Position>
    <Textleft>PAYMAYA</Textleft>
    <TextMiddleRight>0.00</TextMiddleRight>
    <TextFont>NORMAL</TextFont>
  </Transaction>
  <Transaction>
    <Position>LR</Position>
    <Textleft>SHOPEE</Textleft>
    <TextMiddleRight>0.00</TextMiddleRight>
    <TextFont>NORMAL</TextFont>
  </Transaction>
  <Transaction>
    <Position>LR</Position>
    <Textleft>FOODPANDA</Textleft>
    <TextMiddleRight>0.00</TextMiddleRight>
    <TextFont>NORMAL</TextFont>
  </Transaction>
  <Transaction>
    <Position>LR</Position>
    <Textleft>GRAB</Textleft>
    <TextMiddleRight>0.00</TextMiddleRight>
    <TextFont>NORMAL</TextFont>
  </Transaction>
  <Transaction>
    <Position>LR</Position>
    <Textleft>COMPLIMENTARY EXPENSES</Textleft>
    <TextMiddleRight>0.00</TextMiddleRight>
    <TextFont>NORMAL</TextFont>
  </Transaction>
  <Transaction>
    <Position>LR</Position>
    <Textleft>OTHERS</Textleft>
    <TextMiddleRight>0.00</TextMiddleRight>
    <TextFont>NORMAL</TextFont>
  </Transaction>
  <Transaction>
    <Position>LR</Position>
    <Textleft>ITEM VOID E/C</Textleft>
    <TextMiddleRight>9.00</TextMiddleRight>
    <TextFont>NORMAL</TextFont>
  </Transaction>
  <Transaction>
    <Position>LR</Position>
    <Textleft>TRANSACTION VOID</Textleft>
    <TextMiddleRight>9.00</TextMiddleRight>
    <TextFont>NORMAL</TextFont>
  </Transaction>
  <Transaction>
    <Position>LR</Position>
    <Textleft>TRANSACTION CANCEL</Textleft>
    <TextMiddleRight>9.00</TextMiddleRight>
    <TextFont>NORMAL</TextFont>
  </Transaction>
  <Transaction>
    <Position>LR</Position>
    <Textleft>DIMPLOMAT</Textleft>
    <TextMiddleRight>N/A</TextMiddleRight>
    <TextFont>NORMAL</TextFont>
  </Transaction>
  <Transaction>
    <Position>LR</Position>
    <Textleft>TOTAL DISCOUNTS</Textleft>
    <TextMiddleRight>64.28</TextMiddleRight>
    <TextFont>NORMAL</TextFont>
  </Transaction>
  <Transaction>
    <Position>LR</Position>
    <Textleft> - SENIOR CITIZEN</Textleft>
    <TextMiddleRight>41.96</TextMiddleRight>
    <TextFont>NORMAL</TextFont>
  </Transaction>
  <Transaction>
    <Position>LR</Position>
    <Textleft> -PWD</Textleft>
    <TextMiddleRight>10.71</TextMiddleRight>
    <TextFont>NORMAL</TextFont>
  </Transaction>
  <Transaction>
    <Position>LR</Position>
    <Textleft> - ATHLETE</Textleft>
    <TextMiddleRight>11.61</TextMiddleRight>
    <TextFont>NORMAL</TextFont>
  </Transaction>
  <Transaction>
    <Position>LR</Position>
    <Textleft> - OTHERS</Textleft>
    <TextMiddleRight>0.00</TextMiddleRight>
    <TextFont>NORMAL</TextFont>
  </Transaction>
  <Transaction>
    <Position>LR</Position>
    <Textleft>TAKE OUT CHARGE</Textleft>
    <TextMiddleRight>N/A</TextMiddleRight>
    <TextFont>NORMAL</TextFont>
  </Transaction>
  <Transaction>
    <Position>LR</Position>
    <Textleft>DELIVERY CHARGE</Textleft>
    <TextMiddleRight>N/A</TextMiddleRight>
    <TextFont>NORMAL</TextFont>
  </Transaction>
  <Transaction>
    <Position>LR</Position>
    <Textleft>RETURNS EXCHANGE</Textleft>
    <TextMiddleRight>9.00</TextMiddleRight>
    <TextFont>NORMAL</TextFont>
  </Transaction>
  <Transaction>
    <Position>LR</Position>
    <Textleft>RETURNS REFUND</Textleft>
    <TextMiddleRight>570.00</TextMiddleRight>
    <TextFont>NORMAL</TextFont>
  </Transaction>
  <Transaction>
    <Position>LR</Position>
    <Textleft>TOTAL QTY SOLD</Textleft>
    <TextMiddleRight>14.00</TextMiddleRight>
    <TextFont>NORMAL</TextFont>
  </Transaction>
  <Transaction>
    <Position>LR</Position>
    <Textleft>TOTAL TRANS. COUNT</Textleft>
    <TextMiddleRight>15.00</TextMiddleRight>
    <TextFont>NORMAL</TextFont>
  </Transaction>
  <Transaction>
    <Position>LR</Position>
    <Textleft>TOTAL GUEST</Textleft>
    <TextMiddleRight>15</TextMiddleRight>
    <TextFont>NORMAL</TextFont>
  </Transaction>
  <Transaction>
    <Position>LR</Position>
    <Textleft>BEGINNING S.I NO.</Textleft>
    <TextMiddleRight>0000000001</TextMiddleRight>
    <TextFont>NORMAL</TextFont>
  </Transaction>
  <Transaction>
    <Position>LR</Position>
    <Textleft>END S.I NO.</Textleft>
    <TextMiddleRight>0000000015</TextMiddleRight>
    <TextFont>NORMAL</TextFont>
  </Transaction>
  <Transaction>
    <Position>LR</Position>
    <Textleft>BEGINNING TRANS. NO.</Textleft>
    <TextMiddleRight>1</TextMiddleRight>
    <TextFont>NORMAL</TextFont>
  </Transaction>
  <Transaction>
    <Position>LR</Position>
    <Textleft>END TRANS. NO.</Textleft>
    <TextMiddleRight>15</TextMiddleRight>
    <TextFont>NORMAL</TextFont>
  </Transaction>
  <Transaction>
    <Position>LR</Position>
    <Textleft>CURRENT TOTAL SALES</Textleft>
    <TextMiddleRight>727.16</TextMiddleRight>
    <TextFont>NORMAL</TextFont>
  </Transaction>
  <Transaction>
    <Position>LR</Position>
    <Textleft>OLD GRAND TOTAL</Textleft>
    <TextMiddleRight>0.00</TextMiddleRight>
    <TextFont>NORMAL</TextFont>
  </Transaction>
  <Transaction>
    <Position>LR</Position>
    <Textleft>NEW GRAND TOTAL</Textleft>
    <TextMiddleRight>727.16</TextMiddleRight>
    <TextFont>NORMAL</TextFont>
  </Transaction>
  <Transaction>
    <Position>LR</Position>
    <Textleft>CASHIER</Textleft>
    <TextMiddleRight>Super User</TextMiddleRight>
    <TextFont>NORMAL</TextFont>
  </Transaction>
  <Transaction>
    <Position>C</Position>
    <Textleft>------------------------------------------------------------</Textleft>
    <TextFont>BOLD</TextFont>
  </Transaction>
  <Transaction>
    <Position>S</Position>
    <Textleft>SALES BY CLASS</Textleft>
    <TextFont>NORMAL</TextFont>
  </Transaction>
  <Transaction>
    <Position>LR</Position>
    <Textleft>ADD ONS</Textleft>
    <TextMiddleRight>0</TextMiddleRight>
    <TextFont>NORMAL</TextFont>
  </Transaction>
  <Transaction>
    <Position>LR</Position>
    <Textleft>FAMOUS BLENDS</Textleft>
    <TextMiddleRight>0</TextMiddleRight>
    <TextFont>NORMAL</TextFont>
  </Transaction>
  <Transaction>
    <Position>LR</Position>
    <Textleft>COMBO</Textleft>
    <TextMiddleRight>0</TextMiddleRight>
    <TextFont>NORMAL</TextFont>
  </Transaction>
  <Transaction>
    <Position>LR</Position>
    <Textleft>PERFECT COMBINATION</Textleft>
    <TextMiddleRight>0</TextMiddleRight>
    <TextFont>NORMAL</TextFont>
  </Transaction>
  <Transaction>
    <Position>LR</Position>
    <Textleft>PREMIUM LINE</Textleft>
    <TextMiddleRight>0</TextMiddleRight>
    <TextFont>NORMAL</TextFont>
  </Transaction>
  <Transaction>
    <Position>LR</Position>
    <Textleft>SAVORY</Textleft>
    <TextMiddleRight>0</TextMiddleRight>
    <TextFont>NORMAL</TextFont>
  </Transaction>
  <Transaction>
    <Position>LR</Position>
    <Textleft>SIMPY PERFECT</Textleft>
    <TextMiddleRight>23</TextMiddleRight>
    <TextFont>NORMAL</TextFont>
  </Transaction>
  <Transaction>
    <Position>C</Position>
    <Textleft>------------------------------------------------------------</Textleft>
    <TextFont>BOLD</TextFont>
  </Transaction>
  <Transaction>
    <Position>S</Position>
    <Textleft>CASH BREAK DOWN</Textleft>
    <TextFont>NORMAL</TextFont>
  </Transaction>
  <Transaction>
    <Position>S3</Position>
    <Textleft>Bill type</Textleft>
    <TextMiddleRight>Quantity</TextMiddleRight>
    <TextMiddleLeft>Total</TextMiddleLeft>
    <TextFont>NORMAL</TextFont>
  </Transaction>
  <Transaction>
    <Position>S3</Position>
    <Textleft>₱ 1000</Textleft>
    <TextMiddleRight>0</TextMiddleRight>
    <TextMiddleLeft>0.00</TextMiddleLeft>
    <TextFont>NORMAL</TextFont>
  </Transaction>
  <Transaction>
    <Position>S3</Position>
    <Textleft>₱ 500</Textleft>
    <TextMiddleRight>0</TextMiddleRight>
    <TextMiddleLeft>0.00</TextMiddleLeft>
    <TextFont>NORMAL</TextFont>
  </Transaction>
  <Transaction>
    <Position>S3</Position>
    <Textleft>₱ 200</Textleft>
    <TextMiddleRight>0</TextMiddleRight>
    <TextMiddleLeft>0.00</TextMiddleLeft>
    <TextFont>NORMAL</TextFont>
  </Transaction>
  <Transaction>
    <Position>S3</Position>
    <Textleft>₱ 100</Textleft>
    <TextMiddleRight>0</TextMiddleRight>
    <TextMiddleLeft>0.00</TextMiddleLeft>
    <TextFont>NORMAL</TextFont>
  </Transaction>
  <Transaction>
    <Position>S3</Position>
    <Textleft>₱ 50</Textleft>
    <TextMiddleRight>0</TextMiddleRight>
    <TextMiddleLeft>0.00</TextMiddleLeft>
    <TextFont>NORMAL</TextFont>
  </Transaction>
  <Transaction>
    <Position>S3</Position>
    <Textleft>₱ 20</Textleft>
    <TextMiddleRight>0</TextMiddleRight>
    <TextMiddleLeft>0.00</TextMiddleLeft>
    <TextFont>NORMAL</TextFont>
  </Transaction>
  <Transaction>
    <Position>S3</Position>
    <Textleft>₱ 10</Textleft>
    <TextMiddleRight>0</TextMiddleRight>
    <TextMiddleLeft>0.00</TextMiddleLeft>
    <TextFont>NORMAL</TextFont>
  </Transaction>
  <Transaction>
    <Position>S3</Position>
    <Textleft>₱ 5</Textleft>
    <TextMiddleRight>0</TextMiddleRight>
    <TextMiddleLeft>0.00</TextMiddleLeft>
    <TextFont>NORMAL</TextFont>
  </Transaction>
  <Transaction>
    <Position>S3</Position>
    <Textleft>₱ 1</Textleft>
    <TextMiddleRight>0</TextMiddleRight>
    <TextMiddleLeft>0.00</TextMiddleLeft>
    <TextFont>NORMAL</TextFont>
  </Transaction>
  <Transaction>
    <Position>S3</Position>
    <Textleft>₱ .25</Textleft>
    <TextMiddleRight>0</TextMiddleRight>
    <TextMiddleLeft>0.00</TextMiddleLeft>
    <TextFont>NORMAL</TextFont>
  </Transaction>
  <Transaction>
    <Position>S3</Position>
    <Textleft>₱ .05</Textleft>
    <TextMiddleRight>0</TextMiddleRight>
    <TextMiddleLeft>0.00</TextMiddleLeft>
    <TextFont>NORMAL</TextFont>
  </Transaction>
  <Transaction>
    <Position>C</Position>
    <Textleft>------------------------------------------------------------</Textleft>
    <TextFont>BOLD</TextFont>
  </Transaction>
  <Transaction>
    <Position>LR</Position>
    <Textleft>GRAND TOTAL</Textleft>
    <TextMiddleRight>0.00</TextMiddleRight>
    <TextFont>NORMAL</TextFont>
  </Transaction>
  <Transaction>
    <Position>C</Position>
    <TextFont>NORMAL</TextFont>
  </Transaction>
</Table>